title,description,category,url,image,provider,datePublished
"Liverpool transfer news LIVE after Trent Alexander-Arnold heroics, Ibrahima Konate blunt response and Nico Williams U-turn","Latest Liverpool transfer news and gossip including updates on Teun Koopmeiners, Mohamed Salah, Michele Di Gregorio and more",Sports,https://www.liverpoolecho.co.uk/sport/football/transfer-news/liverpool-transfer-news-live-koopmeiners-29487319,https://www.bing.com/th?id=OVFT.WOB71ve6f0zghJoaO7mMoS&pid=News,Liverpool Echo,06-00-2024
Arsenal transfer news LIVE - Raphinha claim amid Pedro Neto 'approach' and Saliba interest,The latest Arsenal transfer news and updates from football.londonas Mikel Arteta looks to strengthen his squad ahead of the new season,Sports,https://www.football.london/arsenal-fc/transfer-news/arsenal-transfer-news-live-calafiori-29488294,https://www.bing.com/th?id=OVFT.q0MmFwdIlh10YZtWKbHGyS&pid=News,football,06-00-2024
Sky News voters panel optimistic about new Labour government - but here's why some are worried,"Following Labour's landslide victory, most members of the panel expressed hope for the country's future. But others questioned whether the new government would make any meaningful changes.",Politics,https://www.msn.com/en-gb/news/uknews/sky-news-voters-panel-optimistic-about-new-government-but-heres-why-some-are-worried/ar-BB1puSU5,https://www.bing.com/th?id=OVFT.L65U7rhpZygQu6blyptNUC&pid=News,Sky on MSN.com,06-00-2024
"Arsenal transfer news LIVE: Gunners ‘agree contract terms for Calafiori’, £27m signing CONFIRMED, Williams latest","ARSENAL have sealed the permanent signing of Brentford goalkeeper David Raya for a fee of £27m. Meanwhile, Arsenal are reportedly interested in Spanish youngster Nico Williams, who has impressed",Sports,https://www.thesun.co.uk/sport/27840895/arsenal-transfer-news-live-raya-williams-calafiori-updates/,https://www.bing.com/th?id=OVFT.g5m9N3bwyeFjD7W11YikAS&pid=News,The Sun,06-00-2024
"Rangers transfer news latest on Dessers, Danilo and new striker plan as Dapo Mebude in line for emotional SPFL return","The 22-year-old was left fearing for his life in December last year when his car crashed into a tree as his club at the time, KV Oostende, broke the worrying news. But since then he's recovered and is on the lookout for a new club after leaving the Belgian ...",Sports,https://www.msn.com/en-gb/sport/football/rangers-transfer-news-latest-on-dessers-danilo-and-new-striker-plan-as-dapo-mebude-in-line-for-emotional-spfl-return/ar-BB1pwMhe,https://www.bing.com/th?id=OVFT.s4irbqUG_F5CdImm21qoTi&pid=News,Daily Record on MSN.com,06-00-2024
"Man Utd transfer news LIVE: Chiesa BOOST, French giants ‘want Greenwood’, United prepared to SELL Rashford – updates","EURO 2024 FREE BETS AND OFFERS Follow all the latest news, moves and completed deals below Man Utd have reportedly given Bruno Fernandes permission to leave the club. The Portugal international has been linked with a move to Saudi Arabia. And now TEAMtalk ...",Sports,https://www.thesun.co.uk/sport/27841556/man-utd-transfer-news-live-chiesa-rashford-greenwood-updates/,https://www.bing.com/th?id=OVFT.vZwKFcI0lCoTFbmZVYN3OC&pid=News,The Sun,06-00-2024
"Transfer news LIVE: Arsenal's Calafiori bid accepted, Chelsea's Williams advantage, Man Utd latest","Dan Ashworth's long-awaited arrival at Manchester United is set to kickstart the summer transfer window, with Arsenal and Liverpool also expected to be busy as Premier League clubs boost their squads",Sports,https://www.mirror.co.uk/sport/football/news/transfer-news-live-manutd-arsenal-33165388,https://www.bing.com/th?id=OVFT.e1T15b7QLxCVYnGjbC1ygi&pid=News,The Mirror,06-00-2024
Mumbai News Live Updates: Ruling Mahayuti alliance to meet at 5 pm today; CM Shinde to address gathering,"A day earlier, the MVA leaders met and decided to hold a joint rally in Mumbai on July 14 to give message to workers of all three parties that the upcoming polls will be fought together",World,https://indianexpress.com/article/cities/mumbai/mumbai-news-live-updates-mahayuti-meet-shinde-weather-9436257/,https://www.bing.com/th?id=OVFT.DNVpEe6ATWCibKNdIpQ1YS&pid=News,The Indian Express,06-00-2024
"Epoch Times, the conspiratorial pro-Trump outlet, enters a new market: faith-based movies","Epoch’s film unit is planning a nationwide theatrical rollout for “The Firing Squad,” a Christian-themed prison drama starring Kevin Sorbo and Cuba Gooding Jr.",Entertainment,https://www.msn.com/en-us/news/us/epoch-times-the-conspiratorial-pro-trump-outlet-enters-a-new-market-faith-based-movies/ar-BB1pvVDi,https://www.bing.com/th?id=OVFT.pXrqyjEeNaF6f_KtiUBOUy&pid=News,NBC News on MSN.com,06-00-2024
Man City 115 charges latest as new hearing detail emerges,A new detail has emerged on the long-awaited hearing faced by ... the case will be heard by an independent panel over a six-week period. It therefore means that any news about a decision will likely take longer than other hearings that have taken place ...,Sports,https://www.msn.com/en-gb/sport/other/man-city-115-charges-latest-as-new-hearing-detail-emerges/ar-BB1pwczG,https://www.bing.com/th?id=OVFT.JC6eSl7JZxX9jst8WPfIoC&pid=News,Manchester Evening News on MSN.com,06-00-2024
"Breaking News Live Updates: NEET UG counselling deferred until further notice, say official sources","""Two jawans of the C60 troops suffered minor injuries after an IED attack by Maoists near Dodhraj Bhamragad Bridge. The attack took place when the C60 troops were on road search operations. Further search operations in the area are underway"" said Gadchiroli SP Neelotpal.",World,https://timesofindia.indiatimes.com/india/breaking-news-live-updates-july-7/liveblog/111526748.cms,https://www.bing.com/th?id=OVFT.0pkstx_UYCKX68rSTha0ai&pid=News,Indiatimes,06-00-2024
"England XI vs Switzerland: Confirmed Euro 2024 team news, predicted lineup, injury latest for today","Confirmed Euro 2024 team news, predicted lineup, injury latest for today - Gareth Southgate has been experimenting with a new formation",Sports,https://www.msn.com/en-my/sports/football/england-xi-vs-switzerland-confirmed-euro-2024-team-news-predicted-lineup-injury-latest-for-today/ar-BB1pokeA,https://www.bing.com/th?id=OVFT.mjgzndEmR9O3TCGnYo-o-S&pid=News,Evening Standard on MSN.com,06-00-2024
"England vs Switzerland LIVE! Euro 2024 match stream, latest team news, lineups, TV, prediction today","Hello from Dusseldorf, where the England team news is as expected and the official UEFA teamsheet has them switching to a 3-4-2-1 system. Playing a back-three and wing-backs should give England greater balance and control in possession, and matches up with ...",Sports,https://www.msn.com/en-sg/sport/other/england-vs-switzerland-live-euro-2024-match-stream-latest-score-and-goal-updates-today/ar-BB1pw6yt,https://www.bing.com/th?id=OVFT.pxBw6YNY_8Oo5oMPdDhAXC&pid=News,Evening Standard on MSN.com,06-00-2024
"England 0-0 Switzerland - Euro 2024: Live score, team news and updates as Gareth Southgate springs a HUGE surprise with Kieran Trippier back on the left and Bukayo Saka on the ...",Follow Mail Sport's live blog of the Euro 2024 quarter-final clash of England vs Switzerland as Southgate's men have yet to impress this summer in Germany despite once being favourites.,Sports,https://www.dailymail.co.uk/sport/football/article-13601071/England-vs-Switzerland-Euro-2024-Live-Result.html,https://www.bing.com/th?id=OVFT.mO28IaLzar9jiWltbu88wy&pid=News,Daily Mail,06-00-2024
"Muharram 2024: Date, History and Significance of Islamic New Year","Muharram 2024 holds great religious significance for Muslims, marking the martyrdom of Imam Hussain. From fasting on Ashura Day to reading the Quran a",LifeStyle,https://www.msn.com/en-in/news/world/muharram-2024-date-history-and-significance-of-islamic-new-year/ar-BB1pvtId,https://www.bing.com/th?id=OVFT.N6nCvxFOlHgHAZEWDC_i1C&pid=News,Indiatimes on MSN.com,06-00-2024
"We have too many prisoners, says new PM Starmer","The latest official figures, published on Friday, put the prison population at 87,453 out of a ""useable operational capacity"" of 88,864. The SNP-run Scottish government, responsible for prisons in Scotland, plans to release between 500 and 550 inmates in the coming months.",Politics,https://www.msn.com/en-us/news/world/we-have-too-many-prisoners-says-new-pm-starmer/ar-BB1pwmzM,https://www.bing.com/th?id=OVFT.AjSQTit7kzkJMF-dOtcSlS&pid=News,BBC on MSN.com,06-00-2024
Trump Gets Bad News in Swing States Despite Biden's Debate Performance,"In a recent poll, President Joe Biden is 2 percentage points away from the former president among seven swing states.",Politics,https://www.msn.com/en-us/news/politics/trump-gets-bad-news-in-swing-states-despite-bidens-debate-performance/ar-BB1pwfXk,https://www.bing.com/th?id=OVFT._z618wuKEwc8lgxbtNzFVy&pid=News,Newsweek on MSN.com,06-00-2024
Biden won't commit to independent cognitive test when asked in ABC News interview,President Joe Biden would not commit to taking independent cognitive and neurological tests during his first television interview since last week's presidential debate.,Politics,https://www.msn.com/en-us/health/other/biden-wont-commit-to-independent-cognitive-test-when-asked-in-abc-news-interview/ar-BB1puV6z,https://www.bing.com/th?id=OVFT.ueazcYRDW4yN-4K38kLtUy&pid=News,ABC on MSN.com,06-00-2024
Fiction Becomes Fact as Fake News Keeps Spreading,"There are more fake news sites in the U.S. than real ones, and the trend is global. Discover what’s at stake when fiction becomes fact.",ScienceAndTechnology,https://www.techopedia.com/fiction-becomes-fact-as-fake-news-keeps-spreading,https://www.bing.com/th?id=OVFT.7uwqXaL8MKBIJQB9D6ed0y&pid=News,Techopedia,06-00-2024
"England vs Switzerland: Euro 2024 prediction, kick-off time, team news, TV, live stream, h2h, odds today","England vs Switzerland is scheduled for a 5pm BST kick-off later today on Saturday July 6, 2024. The match will take place at Dusseldorf Arena. TV channel: In the UK, the game will be televised live and free-to-air on either BBC One.",Sports,https://www.msn.com/en-us/sports/soccer/england-vs-switzerland-euro-2024-prediction-kick-off-time-tv-live-stream-team-news-h2h-results-odds/ar-BB1pao8P,https://www.bing.com/th?id=OVFT.mMk-l09ymoN3-1TUUiKsRS&pid=News,Evening Standard on MSN.com,06-00-2024
New NI secretary Hilary Benn meets local parties,"Hilary Benn has met the main Stormont parties on his first visit to Northern Ireland since being appointed as secretary of state. He met the first and deputy first ministers as well as representatives from Alliance, the UUP and SDLP. Mr Benn took over the role on Friday after Labour leader Sir Keir Starmer became prime minister.",Politics,https://www.msn.com/en-us/news/world/new-ni-secretary-hilary-benn-meets-local-parties/ar-BB1pwqrR,https://www.bing.com/th?id=OVFT.4uxw3ZQUXsDxg3sYQl4oci&pid=News,BBC on MSN.com,06-00-2024
Royal news live: Prince Harry veteran award backlash continues as William watches Euros 2024 quarter-final,"Prince Harry is reported to have sent a symbolic message to the royal family after vacating his UK residence Frogmore Cottage last June. This came in the form of the date he officially registered the US as his main residence, 29 June, which was also the day he officially vacated the cottage last year.",Politics,https://www.independent.co.uk/news/uk/home-news/harry-charles-william-kate-middleton-royal-family-news-b2574419.html,https://www.bing.com/th?id=OVFT.EQTYJlFHDqJJTFiwEPhO6C&pid=News,The Independent,06-00-2024
New and Basic State Pension payment inheritance rules after a spouse or partner dies,"Should they have reached State Pension age on or after April 6, 2016, or be under State Pension age when their spouse or civil partner dies, the “Your partner’s National Insurance record and your State Pension” tool on the UK Government website can enable a person to check what inheritance they may be entitled to.",Politics,https://www.dailyrecord.co.uk/lifestyle/money/state-pension-pay-inheritance-rules-33174408,https://www.bing.com/th?id=OVFT.P21DkSK0-JwjQQGEXjPPsy&pid=News,Daily Record,06-00-2024
UK election latest: Starmer hits out at 'mess' left by Tories - and warns 'tough decisions' to come,You can listen to their conversation by clicking the embedded video below... Sky News voters panel cautiously optimistic about new government A majority of people on the Sky News YouGov voters panel have expressed a cautious optimism about the new Labour ...,Politics,https://news.sky.com/story/uk-election-latest-starmer-faces-questions-for-first-time-as-prime-minister-and-confirms-when-hell-begin-uk-tour-12593360,https://www.bing.com/th?id=OVFT.nPUZsjntuxT84Jx4ihQHZC&pid=News,Sky,06-00-2024
The folding wingtips on Boeing's massive new 777X are a first in commercial aviation. Here's why the plane needs them.,"The never-before-seen technology has several advantages, but the idea stemmed from airport-gate space limitations and the 777X's huge wingspan.",Business,https://www.msn.com/en-us/money/companies/the-folding-wingtips-on-boeings-massive-new-777x-are-a-first-in-commercial-aviation-heres-why-the-plane-needs-them/ss-BB1pwgHS,https://www.bing.com/th?id=OVFT.Zkblfdvg3iLgloCknarEoy&pid=News,Business Insider on MSN.com,06-00-2024
Some Disappointing News About ‘Bridgerton’ Season 4’ And Its Distant Release Date,New details have emerged that is a bit of a bummer for Bridgerton season 4 as its release date is likely even further away now.,Entertainment,https://www.forbes.com/sites/paultassi/2024/07/06/some-disappointing-news-about-bridgerton-season-4-and-its-distant-release-date/,https://www.bing.com/th?id=OVFT.QfOgDsEZcPQtrrLqKW-t2C&pid=News,Forbes,06-00-2024
"Netherlands vs Turkey - Euro 2024: Live score, team news and updates from last quarter-final to decide who will face ENGLAND in the semi-finals",Follow Mail Sport's live blog of Netherlands vs Turkey in the last of four quarter-final clashes. As the Turks look to cause another upset against the Dutch after sending Austria crashing out.,Sports,https://www.dailymail.co.uk/sport/football/article-13601135/Netherlands-vs-Turkey-Euro-2024-Live-Result.html,https://www.bing.com/th?id=OVFT.KpqPMi2K3OxUT83G_lWwny&pid=News,Daily Mail,06-00-2024
A new esports tournament in Saudi Arabia promises to be a game-changer – but it’s also caused division in the industry,"In the heart of Saudi Arabia’s capital, a seismic moment for esports is underway; one which has triggered both excitement and concern across the industry.",World,https://www.msn.com/en-us/news/world/a-new-esports-tournament-in-saudi-arabia-promises-to-be-a-game-changer-but-it-s-also-caused-division-in-the-industry/ar-BB1pvCpG,https://www.bing.com/th?id=OVFT.5V-xdYcG2ztbwqPxcPGZgS&pid=News,CNN on MSN.com,06-00-2024
Pittsburgh Pirates equal franchise record and exhaust supply of celebratory fireworks with 7 homers in win over New York Mets,"The Pittsburgh Pirates dismantled the New York Mets 14-2 on Friday, hitting so many home runs that their stadium’s supply of celebratory fireworks ran out as they equaled the franchise record of seven homers in a home game.",Sports,https://www.msn.com/en-us/sports/other/pittsburgh-pirates-equal-franchise-record-and-exhaust-supply-of-celebratory-fireworks-with-7-homers-in-win-over-new-york-mets/ar-BB1pw4gM,https://www.bing.com/th?id=OVFT.T5JUS1c0NyvHJf0LOb5Jdy&pid=News,CNN on MSN.com,06-00-2024
King Charles Posed with New Prime Minister—But Something in the Background of the Photos Caught My Eye,"And more than that, the new pictures of the two leaders beautifully mirrored those ... Philip spearheads PureWow's news and entertainment team. He has 10+ years experience working in entertainment coverage and viral media, previously serving as a writer ...",LifeStyle,https://www.purewow.com/news/king-charles-prime-minister-keir-starmer-photos,https://www.bing.com/th?id=OVFT.4nTXRkxAFKSFTmDOXHBQ0S&pid=News,purewow,06-00-2024
BYD Atto 3 to get a new entry-level variant this month?,The new entry-level BYD Atto 3 could rival models like the MG ZS EV and the upcoming Harrier EV and Creta EV. BYD India is gearing up to launch a new product on July 10. The Chinese EV maker has released a teaser that shows a silhouette of a 4-door SUV ...,ScienceAndTechnology,https://www.team-bhp.com/news/byd-atto-3-get-new-entry-level-variant-month,https://www.bing.com/th?id=OVFT.FEfW0aQfKow2aCnkpsJSfS&pid=News,Team-BHP.com,06-00-2024
England vs Switzerland | EURO 2024 LIVE: Team news and probable lineups,"In the United Kingdom, you can watch Euro 2024 on BBC or ITV, and in Ireland you can tune in on RTE. If you're watching from Australia, Euro 2024 will be shown on Optus, and TVNZ will show the games in New Zealand.",Sports,https://www.marca.com/en/soccer/uefa-euro/england-switzerland/2024/07/06/01_0118_20240706_114_497-live.html,https://www.bing.com/th?id=OVFT.d17zf0MvakwSkN6EGTud6y&pid=News,MARCA,06-00-2024
England vs Switzerland live updates: Euro 2024 match latest score and goal alerts,"The new formation should help, but trusting each other to receive the ball in tight areas is equally as key. Phil Foden has another opportunity to show everyone just how good a player he is. But much of that may depend on how the plan comes together.",Sports,https://www.nytimes.com/athletic/live-blogs/england-switzerland-live-updates-euro-2024-score-result/uCZPaFMiQMFb/,https://www.bing.com/th?id=OVFT.7yNL8UwPgikJftJ4V0mvEy&pid=News,The New York Times,06-00-2024
ABC News anchor George Stephanopoulos' exclusive interview with Biden: Full transcript,"President Joe Biden, in his first television interview since his CNN debate with former President Donald Trump, sat down with ABC News anchor George Stephanopoulos in Madison, Wisconsin, on Friday. Below is a full transcript of the exchange between Biden and Stephanopoulos.",Politics,https://www.msn.com/en-us/news/politics/abc-news-exclusive-interview-with-biden-full-transcript/ar-BB1puCHj,https://www.bing.com/th?id=OVFT.oskFsBzVwQmQ8vqL9KJpRC&pid=News,ABC News on MSN.com,06-00-2024
Former Trump Staffer Reveals New Texts Alleging More Secret Payoffs and Settlements – Report,"Do you know if the 2020 campaign settled any lawsuits regarding such?” Delgado allegedly asks Ellis, according to The New Republic. NEW: In her lawsuit v. 2016 Trump campaign, A.J. Delgado just filed an unredacted text exchange she says is with Jenna ...",Politics,https://www.msn.com/en-us/news/politics/former-trump-staffer-reveals-new-texts-alleging-more-secret-payoffs-and-settlements-report/ar-BB1pwHqH,https://www.bing.com/th?id=OVFT.LRW_z79s-ljjeRdnLnPJiy&pid=News,Mediaite on MSN.com,06-00-2024
"Microsoft Surface Laptop 7 review: Similar look, new chip","Whether you call it the Surface Laptop 7 or Microsoft’s lengthier Surface Laptop 7th Generation, this laptop brings some powerful specs, especially if you choose to upgrade to t",ScienceAndTechnology,https://www.tomsguide.com/computing/laptops/microsoft-surface-laptop-7-review,https://www.bing.com/th?id=OVFT.xP1FZHcR13V4JB7lo4QcMi&pid=News,Tom's Guide,05-00-2024
Caitlin Clark becomes first rookie in WNBA history to record a triple-double in matchup with New York Liberty,"No. 1 overall pick Caitlin Clark made more history on Saturday afternoon during the Indiana Fever's matchup with the New York Liberty. With her 10th rebound early in the fourth quarter, she became the first rookie to record a triple-double. She is also ...",Sports,https://www.cbssports.com/wnba/news/caitlin-clark-becomes-first-rookie-in-wnba-history-to-record-a-triple-double-in-matchup-with-new-york-liberty/,https://www.bing.com/th?id=OVFT.BJuNPOSdBbze1aKNJTAixC&pid=News,CBSSports.com,06-00-2024
